{"graph": {"_type": "graph-file", "path": "media/graph/g.r.a.p.h_summary_31c01c80.graph.json", "sha256": "31c01c800fcfea3dab843edd2f5df686689456710921db8f540314dc5d220329", "size": 2994}, "epoch": 4, "loss": 0.8046174645423889, "accuracy": 0.6850000023841858, "val_loss": 0.6920647025108337, "val_accuracy": 0.6874551773071289, "_step": 4, "_runtime": 1880, "_timestamp": 1606977715, "best_val_loss": 0.6920647025108337, "best_epoch": 4}